time_ms,rawAccelX_g,rawAccelY_g,rawAccelZ_g,rawGyroX_dps,rawGyroY_dps,rawGyroZ_dps,filteredAccelX_g,filteredAccelY_g,filteredAccelZ_g,filteredGyroX_dps,filteredGyroY_dps,filteredGyroZ_dps
4212,0.005713,0.005010,0.002515,0.006183,-0.074962,-0.080840,0.005713,0.005010,0.002515,0.006183,-0.074962,-0.080840
4312,0.004980,0.000371,-0.001392,0.006183,-0.036794,-0.035038,0.005566,0.004082,0.001733,0.006183,-0.071145,-0.076260
4412,0.002051,-0.000117,0.005933,-0.131221,0.016641,-0.012137,0.004863,0.003242,0.002573,-0.007557,-0.062366,-0.069847
4512,-0.001855,-0.000117,-0.004565,0.006183,0.001374,-0.019771,0.003520,0.002570,0.001146,-0.006183,-0.055992,-0.064840
4612,-0.000391,0.002080,-0.000903,0.044351,-0.044428,-0.042672,0.002737,0.002472,0.000736,-0.001130,-0.054836,-0.062623
4712,0.004736,-0.004756,0.000073,0.006183,-0.082595,-0.111374,0.003137,0.001027,0.000603,-0.000398,-0.057612,-0.067498
4812,-0.000146,-0.002070,0.006421,0.021450,-0.120763,0.003130,0.002481,0.000407,0.001767,0.001786,-0.063927,-0.060435
4912,-0.000879,-0.005244,-0.011401,-0.024351,0.085343,0.048931,0.001809,-0.000723,-0.000867,-0.000827,-0.049000,-0.049499
5012,-0.006250,0.001836,0.006665,-0.169389,-0.136031,-0.119008,0.000197,-0.000211,0.000640,-0.017684,-0.057703,-0.056449
5112,0.003271,-0.004512,0.002026,0.174122,0.138779,0.003130,0.000812,-0.001071,0.000917,0.001497,-0.038055,-0.050492
5212,-0.004053,-0.003291,0.000073,-0.031985,0.154046,0.064198,-0.000161,-0.001515,0.000748,-0.001851,-0.018845,-0.039023
5312,0.011328,-0.002314,-0.002124,0.036718,0.085343,-0.042672,0.002137,-0.001675,0.000174,0.002006,-0.008426,-0.039387
5412,0.005225,0.001348,-0.000659,0.090153,0.009008,-0.042672,0.002754,-0.001071,0.000007,0.010820,-0.006683,-0.039716
5512,0.002783,-0.002803,-0.004565,0.006183,0.016641,0.018397,0.002760,-0.001417,-0.000907,0.010357,-0.004350,-0.033905
5612,-0.003809,0.001348,0.005444,0.090153,0.100611,0.132901,0.001446,-0.000864,0.000363,0.018336,0.006146,-0.017224
5712,-0.001855,-0.001338,0.003980,0.051985,-0.021527,-0.004504,0.000786,-0.000959,0.001086,0.021701,0.003379,-0.015952
5812,0.001074,-0.003779,0.003003,0.090153,-0.097863,0.003130,0.000844,-0.001523,0.001470,0.028546,-0.006746,-0.014044
5912,-0.006250,-0.004512,0.012769,0.105420,0.024275,0.003130,-0.000575,-0.002121,0.003729,0.036234,-0.003644,-0.012327
6012,-0.001855,-0.000605,-0.006763,-0.085420,0.108244,0.026031,-0.000831,-0.001818,0.001631,0.024068,0.007545,-0.008491
6112,0.005713,-0.001338,-0.009692,0.021450,0.016641,-0.111374,0.000478,-0.001722,-0.000634,0.023806,0.008455,-0.018779
6212,0.000098,0.000127,0.003980,0.029084,-0.006260,0.087099,0.000402,-0.001352,0.000289,0.024334,0.006983,-0.008191
6312,-0.002344,-0.003047,-0.012378,-0.009084,0.161679,0.003130,-0.000147,-0.001691,-0.002244,0.020992,0.022453,-0.007059
6412,0.006934,-0.008174,-0.002856,-0.016718,-0.029160,-0.073206,0.001269,-0.002988,-0.002367,0.017221,0.017292,-0.013674
6512,0.000342,0.000859,0.000562,0.143588,0.047176,0.018397,0.001083,-0.002218,-0.001781,0.029858,0.020280,-0.010467
6612,-0.002832,0.001836,0.000317,0.051985,-0.097863,-0.050305,0.000300,-0.001407,-0.001361,0.032071,0.008466,-0.014451
6712,-0.002832,0.000371,-0.002856,-0.024351,0.077710,0.102366,-0.000326,-0.001052,-0.001660,0.026429,0.015390,-0.002769
6812,-0.006738,-0.001582,-0.000659,0.051985,-0.128397,0.079466,-0.001609,-0.001158,-0.001460,0.028984,0.001011,0.005455
6912,0.003027,0.002324,-0.003101,-0.115954,0.108244,-0.134275,-0.000681,-0.000461,-0.001788,0.014490,0.011735,-0.008518
7012,0.000586,-0.002314,-0.004321,-0.177023,-0.021527,0.026031,-0.000428,-0.000832,-0.002295,-0.004661,0.008409,-0.005064
7112,0.001074,-0.001094,-0.006030,0.067252,-0.052061,-0.027405,-0.000128,-0.000884,-0.003042,0.002530,0.002362,-0.007298
7212,-0.002344,-0.002803,0.002026,0.051985,-0.052061,0.140534,-0.000571,-0.001268,-0.002028,0.007476,-0.003081,0.007486
7312,-0.002344,0.002324,-0.009448,0.051985,0.100611,0.010763,-0.000925,-0.000550,-0.003512,0.011927,0.007288,0.007813
7412,-0.001123,-0.000605,-0.004321,0.029084,-0.074962,0.079466,-0.000965,-0.000561,-0.003674,0.013642,-0.000937,0.014979
7512,-0.002588,-0.000361,0.005933,0.013817,-0.181832,0.048931,-0.001289,-0.000521,-0.001753,0.013660,-0.019026,0.018374
7612,0.001807,0.000371,0.000806,0.097786,0.054809,0.140534,-0.000670,-0.000342,-0.001241,0.022072,-0.011643,0.030590
7712,0.016211,-0.008662,0.002026,-0.680840,-0.097863,2.781756,0.002706,-0.002006,-0.000588,-0.048219,-0.020265,0.305707
7812,-0.001367,0.013555,-0.012378,-2.291527,0.192214,14.285573,0.001891,0.001106,-0.002946,-0.272550,0.000983,1.703694
7912,0.001807,-0.010371,0.007642,0.838244,-0.319237,-5.615191,0.001874,-0.001190,-0.000828,-0.161470,-0.031039,0.971805
8012,-0.009180,-0.028926,0.002271,0.197023,0.100611,-0.256412,-0.000336,-0.006737,-0.000208,-0.125621,-0.017874,0.848983
8112,0.022559,-0.069697,0.006177,-2.535802,0.405954,3.087099,0.004243,-0.019329,0.001069,-0.366639,0.024509,1.072795
8212,0.091162,0.039678,0.014233,-9.551068,0.787634,13.400077,0.021626,-0.007528,0.003702,-1.285082,0.100821,2.305523
8312,0.016943,-0.010371,0.117505,23.158855,-18.128397,16.545115,0.020690,-0.008096,0.026462,1.159312,-1.722101,3.729483
8412,0.138281,0.107793,0.205884,-0.970916,-17.807787,38.751221,0.044208,0.015082,0.062347,0.946289,-3.330670,7.231657
8512,0.065527,-0.018672,0.436108,-75.352600,39.306721,-6.378550,0.048472,0.008331,0.137099,-6.683601,0.933070,5.870636
8612,0.088232,-0.106074,-0.131274,-82.085426,43.383057,-0.989237,0.056424,-0.014550,0.083424,-14.223785,5.178070,5.184649
8712,0.059424,-0.251582,-0.318530,-96.741913,40.306721,9.690153,0.057024,-0.061957,0.003033,-22.475601,8.690936,5.635199
8812,-0.034570,-0.301631,-0.452319,-23.467098,1.413588,5.636717,0.038705,-0.109891,-0.088037,-22.574751,7.963201,5.635351
8912,-0.083398,-0.356318,-0.320728,21.143589,-20.258169,-3.218244,0.014284,-0.159177,-0.134575,-18.202917,5.141063,4.749991
9012,-0.027246,-0.394648,-0.053394,17.784809,-30.250534,-11.019771,0.005978,-0.206271,-0.118339,-14.604144,1.601903,3.173015
9112,-0.032373,-0.386348,0.004468,11.578703,-10.151299,-2.180076,-0.001692,-0.242286,-0.093778,-11.985859,0.426582,2.637705
9212,0.158545,-0.338252,-0.265308,51.960381,1.337252,3.674886,0.030355,-0.261480,-0.128084,-5.591233,0.517649,2.741423
9312,-0.082178,-0.097529,-0.693286,43.960381,-41.395573,-14.676259,0.007849,-0.228689,-0.241124,-0.636071,-3.673674,0.999655
9412,-0.016992,-0.286982,0.818921,28.303894,-49.510075,32.560383,0.002881,-0.240348,-0.029115,2.257926,-8.257315,4.155728
9512,0.128027,-0.048457,0.049390,-14.428931,13.818168,15.728320,0.027910,-0.201970,-0.013414,0.589240,-6.049766,5.312988
9612,0.040137,-0.188594,0.191235,-69.879318,50.780003,-4.386183,0.030355,-0.199295,0.027516,-6.457617,-0.366787,4.343070
9712,0.005957,-0.151240,-0.003101,0.471832,-0.571145,-0.294580,0.025476,-0.189684,0.021392,-5.764672,-0.387223,3.879305
9812,0.057959,-0.156123,-0.030688,9.555802,-25.868856,-2.210611,0.031972,-0.182972,0.010976,-4.232624,-2.935387,3.270313
9912,-0.066064,-0.174189,0.120679,13.693207,-23.334505,8.026031,0.012365,-0.181215,0.032917,-2.440041,-4.975299,3.745885
10012,0.048926,-0.140498,0.399976,9.792443,-20.609314,-2.546489,0.019677,-0.173072,0.106329,-1.216792,-6.538701,3.116648
10112,0.033545,-0.080684,0.107739,11.303894,21.070076,0.010763,0.022451,-0.154594,0.106611,0.035277,-3.777823,2.806059
10212,0.004980,-0.150264,-0.077075,-2.314428,24.779999,-4.615191,0.018957,-0.153728,0.069874,-0.199694,-0.922040,2.063934
10312,0.045996,-0.141230,-0.180347,-0.566336,14.612061,-5.645725,0.024365,-0.151229,0.019829,-0.236358,0.631370,1.292968
10412,-0.044092,-0.209102,-0.118823,-9.764809,12.474656,-7.439619,0.010673,-0.162803,-0.007901,-1.189203,1.815699,0.419709
10512,-0.101953,-0.210078,-0.085864,-2.230458,5.192214,-7.401451,-0.011852,-0.172258,-0.023494,-1.293329,2.153351,-0.362407
10612,-0.001123,-0.171260,-0.108325,8.861145,-7.181832,1.193969,-0.009706,-0.172058,-0.040460,-0.277881,1.219832,-0.206769
10712,0.019385,-0.226191,-0.204761,2.769542,3.131145,11.919161,-0.003888,-0.182885,-0.073320,0.026861,1.410964,1.005824
10812,0.100928,0.033086,-0.438647,23.990917,-66.975731,-25.775497,0.017075,-0.139691,-0.146386,2.423267,-5.427708,-1.672309
10912,-0.035059,-0.329219,0.574536,-26.665571,0.810534,-15.683894,0.006648,-0.177596,-0.002201,-0.485617,-4.803884,-3.073468
11012,-0.114404,-0.169795,0.088452,-5.047252,24.970839,2.232137,-0.017562,-0.176036,0.015929,-0.941781,-1.826411,-2.542907
11112,-0.000146,-0.210811,-0.041431,9.021451,-10.204733,6.858091,-0.014079,-0.182991,0.004457,0.054543,-2.664243,-1.602807
11212,-0.037500,-0.212764,0.020337,5.784809,5.711298,4.438244,-0.018763,-0.188946,0.007633,0.627570,-1.826689,-0.998702
11312,-0.004541,-0.180781,0.107007,-6.131221,15.115877,2.583282,-0.015919,-0.187313,0.027508,-0.048310,-0.132432,-0.640503
11412,-0.167871,-0.117549,0.243726,6.922214,1.092977,17.613815,-0.046309,-0.173360,0.070752,0.648743,-0.009891,1.184929
11512,-0.105127,-0.130732,0.273022,40.983284,-1.059695,28.132900,-0.058073,-0.164834,0.111206,4.682198,-0.114871,3.879727
11612,0.050879,-0.133174,-0.196460,13.311527,5.917405,-12.889999,-0.036282,-0.158502,0.049673,5.545131,0.488357,2.202754
11712,0.001074,-0.193232,-0.211841,-10.474732,10.337252,-7.370916,-0.028811,-0.165448,-0.002630,3.943144,1.473246,1.245386
11812,-0.022607,-0.192500,-0.109302,-1.909847,-7.861222,-2.462519,-0.027570,-0.170859,-0.023964,3.357845,0.539799,0.874596
11912,0.022803,-0.167109,-0.082935,-1.291527,-7.097863,-3.172443,-0.017496,-0.170109,-0.035758,2.892908,-0.223967,0.469892
12012,0.011328,-0.169551,0.041577,-1.230458,-9.250535,-1.760229,-0.011731,-0.169997,-0.020291,2.480571,-1.126624,0.246880
12112,0.259863,-0.263057,-0.342700,8.113054,19.108244,7.056565,0.042588,-0.188609,-0.084773,3.043819,0.896863,0.927848
12212,-0.406885,-0.264766,-0.418628,-48.093052,-20.868856,-2.775496,-0.047307,-0.203840,-0.151544,-2.069869,-1.279709,0.557514
12312,-0.144434,-0.118281,0.381177,36.219925,-12.151299,24.644350,-0.066732,-0.186729,-0.045000,1.759111,-2.366868,2.966198
12412,-0.110742,-0.192256,0.263013,-33.077785,38.176949,-3.279313,-0.075534,-0.187834,0.016603,-1.724579,1.687514,2.341647
12512,-0.091943,-0.227656,-0.066821,-0.955649,3.634962,0.797023,-0.078816,-0.195798,-0.000082,-1.647686,1.882259,2.187184
12612,-0.040918,-0.183711,-0.157886,8.968016,-6.739084,-1.073206,-0.071236,-0.193381,-0.031643,-0.586116,1.020125,1.861145
12712,-0.411035,-0.614131,1.001233,-58.749542,-10.586412,-2.470153,-0.139196,-0.277531,0.174932,-6.402460,-0.140529,1.428015
12812,-0.124902,0.037480,-0.605640,76.258087,29.841068,5.636717,-0.136337,-0.214529,0.018818,1.863597,2.857631,1.848886
12912,-0.031152,-0.170527,-0.456470,-47.535801,17.154045,-0.760229,-0.115300,-0.205728,-0.076240,-3.076344,4.287272,1.587974
13012,-0.121240,-0.241328,-0.248706,-10.780076,0.986107,-3.172443,-0.116488,-0.212848,-0.110733,-3.846717,3.957156,1.111932
13112,-0.135645,-0.283564,-0.048999,1.273359,-10.052062,-1.828931,-0.120320,-0.226992,-0.098386,-3.334710,2.556233,0.817846
13212,-0.083643,-0.220088,-0.122241,10.510000,-16.525345,-0.798397,-0.112984,-0.225611,-0.103157,-1.950238,0.648075,0.656222
13312,0.191992,0.340947,-1.333423,40.174122,-69.471909,-30.317482,-0.051989,-0.112299,-0.349210,2.262199,-6.363925,-2.441150
13412,-0.319971,-0.732783,0.786206,-98.260994,37.757099,-30.584658,-0.105585,-0.236396,-0.122127,-7.790123,-1.951822,-5.255501
13512,-0.219873,-0.314082,0.320874,43.571068,-39.326870,-2.477786,-0.128443,-0.251933,-0.033527,-2.654003,-5.689327,-4.977729
13612,-0.051416,-0.252070,0.000806,-1.627405,-1.678015,1.087099,-0.113037,-0.251961,-0.026660,-2.551343,-5.288196,-4.371246
13712,-0.027490,-0.274531,-0.074878,7.960382,6.360153,-0.515954,-0.095928,-0.256475,-0.036304,-1.500170,-4.123361,-3.985717
13812,-0.041406,-0.209102,-0.007007,6.219923,-7.960459,-3.958703,-0.085024,-0.247000,-0.030444,-0.728161,-4.507071,-3.983016
13912,-0.665186,-0.942988,0.993481,75.410759,-30.006260,58.377178,-0.201056,-0.386198,0.174341,6.885733,-7.056991,2.253005
14012,0.483252,0.358037,-1.229175,-4.948015,20.604427,-3.134275,-0.064194,-0.237351,-0.106362,5.702358,-4.290848,1.714277
14112,-0.225000,-0.290156,-0.413745,-35.138855,42.734200,-2.294580,-0.096356,-0.247912,-0.167839,1.618236,0.411658,1.313391
14212,-0.100732,-0.247187,-0.093188,2.670305,-14.532978,-2.431985,-0.097231,-0.247767,-0.152909,1.723443,-1.082806,0.938854
14312,-0.119775,-0.227168,-0.051929,5.082519,-16.074963,-2.348015,-0.101740,-0.243647,-0.132713,2.059351,-2.582022,0.610167
14412,0.060156,-0.112422,-0.278979,22.655039,-33.181831,4.384809,-0.069361,-0.217402,-0.161966,4.118920,-5.642004,0.987631
14512,0.007666,-0.119990,-0.505786,-89.948021,76.940300,15.651984,-0.053955,-0.197920,-0.230730,-5.287777,2.616228,2.454067
14612,-0.186426,-0.669307,1.001233,35.723740,-83.548248,-25.264046,-0.080449,-0.292197,0.015662,-1.186625,-6.000222,-0.317745
14712,0.004248,-0.199580,-0.188892,11.189390,18.986107,-11.515954,-0.063510,-0.273674,-0.025248,0.050977,-3.501588,-1.437566
14812,-0.007227,-0.331904,-0.071704,4.021451,-1.525344,-5.676260,-0.052253,-0.285320,-0.034540,0.448025,-3.303964,-1.861436
14912,0.034277,-0.256221,-0.022388,8.761909,-9.174199,1.476412,-0.034947,-0.279500,-0.032109,1.279413,-3.890988,-1.527651
15012,-0.204492,-0.351924,0.439771,-23.726641,12.230381,-3.615191,-0.068856,-0.293985,0.062267,-1.221193,-2.278850,-1.736405
15112,0.064795,-0.493281,0.397778,22.189390,36.352520,24.033663,-0.042126,-0.333844,0.129369,1.119866,1.584288,0.840603
15212,0.045508,0.041143,-0.745288,44.418396,17.146412,19.186335,-0.024599,-0.258847,-0.045562,5.449720,3.140501,2.675176
15312,0.014990,-0.219111,-0.364917,-34.169388,30.634962,1.003130,-0.016681,-0.250900,-0.109433,1.487808,5.889947,2.507972
15412,-0.153711,-0.292109,-0.065601,-1.299160,-8.235268,-0.470153,-0.044087,-0.259142,-0.100667,1.209112,4.477425,2.210159
15512,-0.155664,-0.233271,-0.083911,2.830611,-21.136030,4.438244,-0.066403,-0.253968,-0.097316,1.371261,1.916079,2.432968
15612,0.041602,-0.335566,-0.101489,6.029084,-22.158932,11.293206,-0.044802,-0.270287,-0.098150,1.837044,-0.491423,3.318992
15712,0.115576,-0.081904,-0.495044,-66.100693,95.428856,-75.508316,-0.012726,-0.232611,-0.177529,-4.956731,9.100607,-4.563741
15812,-0.612451,-0.607783,0.408276,54.708473,-69.174202,9.132901,-0.132671,-0.307645,-0.060368,1.009790,1.273124,-3.194076
15912,-0.065332,-0.207881,0.102856,22.105421,-31.456640,7.919160,-0.119203,-0.287692,-0.027723,3.119354,-1.999853,-2.082752
16012,-0.167871,-0.208857,-0.039478,0.777176,-3.464275,4.972595,-0.128937,-0.271925,-0.030074,2.885136,-2.146295,-1.377217
16112,-0.068750,-0.200068,-0.074878,0.662672,-14.960459,9.209237,-0.116900,-0.257554,-0.039035,2.662890,-3.427712,-0.318572
16212,-0.066797,-0.255488,-0.040942,-5.238091,-9.113131,-0.729695,-0.106879,-0.257141,-0.039416,1.872792,-3.996254,-0.359684
16312,-0.201562,-0.277949,0.032544,-3.215191,-2.739084,-0.325115,-0.125816,-0.261303,-0.025024,1.363993,-3.870537,-0.356227
16412,-0.194971,-0.253779,-0.069995,-8.772442,34.383057,7.407710,-0.139647,-0.259798,-0.034018,0.350349,-0.045176,0.420167
16512,-0.218408,-0.199580,-0.058520,30.601603,-144.151310,1.484046,-0.155399,-0.247754,-0.038919,3.375475,-14.455793,0.526555
16612,0.625342,0.028691,-0.465503,94.067245,-251.296340,-70.767860,0.000749,-0.192465,-0.124236,12.444654,-38.139854,-6.602889
16712,1.311865,-0.031611,-0.304126,-39.093052,-251.296340,-49.386181,0.262972,-0.160294,-0.160214,7.290883,-59.455505,-10.881219
16812,1.090186,0.060918,-0.654712,10.761909,12.505190,5.621450,0.428415,-0.116052,-0.259113,7.637985,-52.259434,-9.230951
16912,1.019141,-0.007686,-0.621020,6.296259,0.726565,-1.592290,0.546560,-0.094379,-0.331495,7.503813,-46.960835,-8.467085
17012,1.074316,-0.019404,-0.590259,5.723741,6.405954,-4.019771,0.652111,-0.079384,-0.383248,7.325806,-41.624157,-8.022353
17112,1.157080,0.043584,-0.591235,4.212290,64.405952,30.972595,0.753105,-0.054790,-0.424845,7.014454,-31.021141,-4.122857
17212,0.604834,-0.362666,-0.327808,-103.566340,248.970840,182.644350,0.723451,-0.116365,-0.405438,-4.043628,-3.021935,14.553867
17312,-0.842676,-0.143428,-0.751636,39.135956,248.970840,18.407709,0.410226,-0.121778,-0.474677,0.274332,22.177349,14.939252
17412,-0.829248,-0.234004,-0.649341,-16.428930,31.009007,-3.844198,0.162331,-0.144223,-0.509610,-1.395995,23.060514,13.060906
17512,-0.777979,-0.187861,-0.571216,-0.917481,5.680763,0.903893,-0.025731,-0.152951,-0.521931,-1.348143,21.322540,11.845204
17612,-0.795313,-0.185664,-0.739429,5.784809,10.871602,-9.920534,-0.179647,-0.159493,-0.565431,-0.634848,20.277447,9.668630
17712,-0.800684,-0.196895,-0.639087,10.120687,-36.914654,-26.103741,-0.303855,-0.166974,-0.580162,0.440706,14.558236,6.091392
17812,-0.888086,-0.226924,-0.553149,92.662666,-251.296340,-47.126640,-0.420701,-0.178964,-0.574759,9.662904,-12.027228,0.769587
17912,1.196875,0.050664,-0.668384,98.265724,-251.296340,-71.828934,-0.097186,-0.133038,-0.593484,18.523188,-35.954147,-6.490267
18012,0.924170,-0.072383,-0.571704,6.158855,-133.296340,-0.126641,0.107085,-0.120907,-0.589128,17.286753,-45.688370,-5.853904
18112,1.177100,0.038945,-0.797534,16.204657,-0.754351,1.415344,0.321088,-0.088937,-0.630809,17.178543,-41.194969,-5.126979
18212,1.149756,-0.030879,-0.609546,3.296260,42.795269,13.781756,0.486822,-0.077325,-0.626557,15.790315,-32.795940,-3.236105
18312,1.065771,-0.042842,-0.582935,-4.207557,42.764732,12.621450,0.602612,-0.070428,-0.617832,13.790527,-25.239872,-1.650349
18412,0.988623,-0.026973,-0.565356,-1.780076,-134.273440,-50.699158,0.679814,-0.061737,-0.607337,12.233466,-36.143230,-6.555232
18512,1.403906,0.148564,-0.913745,0.532901,234.421220,46.125267,0.824632,-0.019677,-0.668619,11.063410,-9.086781,-1.287180
18612,0.174658,-0.306270,-0.123706,-169.719010,248.970840,174.514590,0.694638,-0.076995,-0.559636,-7.014836,16.718988,16.293001
18712,-0.800684,-0.246211,-0.706958,16.838245,115.856330,16.713053,0.395573,-0.110839,-0.589101,-4.629528,26.632725,16.335007
18812,-0.719873,-0.240352,-0.407397,8.105420,96.612061,9.751222,0.172484,-0.136741,-0.552760,-3.356032,33.630661,15.676628
18912,-0.808740,-0.249629,-0.598560,-9.047252,36.383057,11.422977,-0.023761,-0.159319,-0.561920,-3.925154,33.905899,15.251263
19012,-0.797022,-0.221309,-0.646899,-15.238091,1.612061,-0.989237,-0.178413,-0.171717,-0.578916,-5.056448,30.676514,13.627213
19112,-0.723047,-0.223018,-0.631274,-0.230458,-64.166565,-5.973969,-0.287340,-0.181977,-0.589387,-4.573850,21.192204,11.667094
19212,-0.745508,-0.259639,-0.538989,92.647400,-251.296340,-41.943436,-0.378973,-0.197509,-0.579308,5.148277,-6.056658,6.306040
19312,0.885107,-0.144648,-0.205493,10.739008,-251.296340,-64.599922,-0.126157,-0.186937,-0.504545,5.707351,-30.580631,-0.784558
19412,0.978857,-0.049434,-0.432788,8.120687,19.703663,31.797024,0.094846,-0.159436,-0.490194,5.948685,-25.552200,2.473601
19512,0.839209,-0.076045,-0.478442,5.548168,-5.105496,2.392443,0.243718,-0.142758,-0.487843,5.908633,-23.507528,2.465485
19612,0.913184,-0.061396,-0.463794,6.624504,37.505192,6.972595,0.377611,-0.126486,-0.483033,5.980220,-17.406254,2.916196
19712,0.774756,-0.113154,-0.141040,-32.650307,248.970840,1.537481,0.457040,-0.123819,-0.414635,2.117167,9.231462,2.778324
19812,-0.017969,-0.169062,0.076733,-71.551071,248.970840,87.850456,0.362038,-0.132868,-0.316361,-5.249659,33.205406,11.285540
19912,-0.509424,-0.180293,-0.086841,-18.009083,-11.120764,16.919159,0.187746,-0.142353,-0.270457,-6.525601,28.772789,11.848902
20012,-0.356104,-0.139277,-0.216479,1.555802,-45.968090,0.903893,0.078976,-0.141738,-0.259662,-5.717461,21.298700,10.754400
20112,-0.234521,-0.133174,-0.072437,-3.993817,-28.685650,-6.577023,0.016277,-0.140025,-0.222217,-5.545096,16.300262,9.021257
20212,-0.197900,-0.169307,-0.067554,-1.222824,-28.945190,-13.867099,-0.026559,-0.145881,-0.191284,-5.112869,11.775716,6.732421
20312,-0.170801,-0.196650,-0.021411,2.914580,-55.777252,-11.806030,-0.055407,-0.156035,-0.157309,-4.310124,5.020417,4.878575
20412,-0.983789,-0.657344,-0.131274,132.280990,-118.449010,31.186335,-0.241084,-0.256297,-0.152102,9.348991,-7.326529,7.509352
20512,0.054541,0.601445,0.125562,254.219910,-19.082596,6.300839,-0.181959,-0.084748,-0.096570,33.836090,-8.502135,7.388500
20612,0.153906,0.826543,-0.214526,75.593964,-40.464275,-5.622825,-0.114786,0.097510,-0.120161,38.011879,-11.698351,6.087368
20712,0.136328,0.741582,-0.336597,-19.780075,-14.716184,2.193969,-0.064563,0.226324,-0.163448,32.232681,-12.000134,5.698028
20812,0.118506,0.719609,-0.311694,-4.612137,-6.899389,1.262672,-0.027949,0.324981,-0.193097,28.548199,-11.490060,5.254492
20912,0.121680,0.983281,0.202954,-77.314430,42.604427,-1.714427,0.001977,0.456641,-0.113887,17.961933,-6.080610,4.557600
21012,-0.086328,-0.303340,-0.531909,-246.047240,54.474659,-8.355649,-0.015684,0.304645,-0.197491,-8.438992,-0.025082,3.266275
21112,-0.303369,-0.266719,-0.385669,-37.047253,27.092978,-12.088473,-0.073221,0.190372,-0.235127,-11.299818,2.686725,1.730800
21212,-0.146875,-0.564326,-0.270923,27.845879,-34.761982,-29.973970,-0.087952,0.039433,-0.242286,-7.385247,-1.058146,-1.439678
21312,-0.173975,-0.486689,-0.214770,35.975651,-14.410840,-5.447252,-0.105157,-0.065792,-0.236783,-3.049156,-2.393416,-1.840435
21412,-0.118066,-0.432490,-0.161792,66.342056,-54.227631,1.682519,-0.107739,-0.139131,-0.221785,3.889966,-7.576838,-1.488140
21512,-0.088770,-0.128291,-0.358081,254.219910,-97.006264,32.499313,-0.103945,-0.136963,-0.249044,28.922966,-16.519783,1.910606
21612,0.097510,0.865605,-0.020923,81.708473,-40.013893,19.888626,-0.063654,0.063550,-0.203420,34.201515,-18.869194,3.708409
21712,0.147314,0.579473,-0.236255,-15.184656,14.787633,-24.103741,-0.021460,0.166735,-0.209987,29.262897,-15.503511,0.927193
21812,0.068701,0.580938,-0.185474,5.983283,-15.487176,6.033664,-0.003428,0.249575,-0.205084,26.934935,-15.501879,1.437840
21912,0.153174,0.702520,-0.080249,-13.260992,7.917404,0.812290,0.027892,0.340164,-0.180117,22.915340,-13.159950,1.375285
22012,0.303076,0.467656,0.068677,-246.047240,139.894500,-48.928165,0.082929,0.365663,-0.130358,-3.980925,2.145498,-3.655061
22112,-0.181543,-0.049189,-0.313892,-60.283894,83.528091,-3.096107,0.030035,0.282692,-0.167065,-9.611223,10.283759,-3.599165
22212,-0.072412,-0.296504,-0.021411,59.044353,-25.723818,-6.180077,0.009545,0.166853,-0.137934,-2.745664,6.683000,-3.857256
22312,-0.225732,-0.211299,-0.100513,11.662672,17.314350,10.422977,-0.037510,0.091223,-0.130450,-1.304830,7.746135,-2.429233
22412,-0.160303,-0.163936,-0.041919,6.754275,2.367786,1.293206,-0.062069,0.040191,-0.112744,-0.498919,7.208300,-2.056989
22512,-0.159326,-0.170527,-0.051440,1.151221,-5.326870,0.690153,-0.081520,-0.001953,-0.100483,-0.333905,5.954783,-1.782274
22612,-0.150781,-0.156367,0.000317,6.334427,-9.365039,-2.691527,-0.095372,-0.032836,-0.080323,0.332928,4.422800,-1.873200
22712,-0.127100,-0.147334,-0.044849,5.471832,-11.365039,0.728321,-0.101718,-0.055735,-0.073228,0.846819,2.844016,-1.613048
22812,-0.127100,-0.155879,-0.064380,0.990916,-4.334504,0.880992,-0.106794,-0.075764,-0.071458,0.861228,2.126164,-1.363644
22912,-0.113184,-0.128291,-0.019458,10.342061,-7.052061,5.071832,-0.108072,-0.086269,-0.061058,1.809312,1.208341,-0.720096
23012,-0.083154,-0.120234,-0.048022,1.189389,4.131145,0.026031,-0.103089,-0.093062,-0.058451,1.747320,1.500622,-0.645483
23112,-0.134180,-0.119990,-0.052417,11.510000,-16.036795,3.209237,-0.109307,-0.098448,-0.057244,2.723588,-0.253121,-0.260011
23212,-0.095361,-0.126338,-0.028979,-11.696106,-12.456642,-1.851832,-0.106518,-0.104026,-0.051591,1.281618,-1.473473,-0.419193
23312,-0.698633,-0.285029,-0.016772,-5.543435,13.054809,-32.607555,-0.224941,-0.140227,-0.044628,0.599113,-0.020644,-3.638030
23412,-0.281885,0.021367,-0.355884,56.700840,-50.685646,-29.767862,-0.236329,-0.107908,-0.106879,6.209287,-5.087146,-6.251014
23512,0.374121,-0.061885,0.068921,3.135954,-30.662748,-20.225878,-0.114239,-0.098703,-0.071719,5.901953,-7.644707,-7.648500
23612,0.129248,-0.057979,-0.012378,10.250459,-46.952824,-9.622824,-0.065542,-0.090558,-0.059851,6.336803,-11.575520,-7.845933
23712,-0.101221,-0.113887,-0.013843,4.700840,-11.166565,2.949695,-0.072678,-0.095224,-0.050649,6.173207,-11.534624,-6.766370
23812,1.014258,-0.126094,0.457837,-23.245726,-48.334503,54.445881,0.144709,-0.101398,0.051048,3.231313,-15.214613,-0.645143
23912,-0.600977,-0.075801,-0.323901,-58.253357,23.405954,-45.332748,-0.004428,-0.096279,-0.023942,-2.917155,-11.352555,-5.113905
24012,-0.592432,-0.160029,-0.070728,-0.444198,36.718933,21.033663,-0.122029,-0.109029,-0.033299,-2.669859,-6.545405,-2.499147
24112,0.089697,-0.202998,0.049634,36.357330,-49.914654,2.331374,-0.079683,-0.127823,-0.016712,1.232861,-10.882332,-2.016095
24212,-0.006982,-0.150020,-0.016040,-11.490000,12.421221,-12.012137,-0.065143,-0.132262,-0.016578,-0.039426,-8.551976,-3.015700
24312,-0.968164,-0.400264,-0.267749,8.181756,54.925041,-64.577019,-0.245747,-0.185862,-0.066812,0.782693,-2.204273,-9.171833
24412,0.259863,-0.070918,-0.144458,107.273350,-101.090230,70.323738,-0.144625,-0.162873,-0.082341,11.431761,-12.092872,-1.222274
24512,0.602148,0.097295,0.392651,1.655038,-21.586412,-19.218245,0.004729,-0.110840,0.012657,10.454088,-13.042226,-3.021871
24612,-0.105859,-0.054316,-0.159351,-2.360229,-5.800153,-4.180077,-0.017388,-0.099535,-0.021744,9.172656,-12.318018,-3.137692
24712,0.123389,-0.116572,-0.028735,12.006184,-16.655115,24.109999,0.010767,-0.102943,-0.023143,9.456009,-12.751728,-0.412922
24812,0.918799,0.123662,-0.204761,66.334427,1.726565,-5.767863,0.192373,-0.057622,-0.059466,15.143852,-11.303898,-0.948416
24912,-0.643457,-0.256221,0.193677,-69.024353,54.428856,2.010763,0.025207,-0.097341,-0.008838,6.727030,-4.730621,-0.652498
25012,-0.242334,-0.130000,-0.145679,-8.192289,16.963205,15.545115,-0.028301,-0.103873,-0.036206,5.235098,-2.561238,0.967263
25112,0.017920,-0.085322,0.052319,-1.886947,-7.769619,-3.538855,-0.019057,-0.100163,-0.018501,4.522893,-3.082076,0.516651
25212,-0.016992,-0.072627,-0.035083,-1.780076,-2.120763,-1.080840,-0.018644,-0.094656,-0.021817,3.892596,-2.985945,0.356902
25312,-0.068750,-0.057734,0.030591,-7.642672,7.299084,-4.813664,-0.028665,-0.087271,-0.011336,2.739069,-1.957442,-0.160155
25412,-0.114648,-0.118037,0.666821,-76.344963,-31.258169,6.751221,-0.045862,-0.093425,0.124296,-5.169336,-4.887515,0.530983
25512,0.025000,-0.221309,-0.418384,-24.291527,6.825801,7.132901,-0.031689,-0.119001,0.015760,-7.081555,-3.716183,1.191175
25612,0.088232,-0.278193,-0.364429,-27.474731,-7.998627,-0.157176,-0.007705,-0.150840,-0.060278,-9.120873,-4.144428,1.056340
25712,0.134375,-0.318232,-0.170093,9.212291,-32.433739,-10.767862,0.020711,-0.184318,-0.082241,-7.287557,-6.973360,-0.126080
25812,0.074805,-0.390010,-0.444995,35.189388,8.947938,6.331374,0.031530,-0.225457,-0.154792,-3.039861,-5.381229,0.519665
25912,-0.018701,-0.202998,-0.104907,81.372589,47.627331,42.255039,0.021484,-0.220965,-0.144815,5.401385,-0.080372,4.693203
26012,-0.084619,0.034063,0.613110,75.655037,-22.716185,19.094732,0.000263,-0.169959,0.006770,12.426752,-2.343954,6.133357
26112,-0.130029,-0.048701,-0.176196,3.929847,-1.555878,3.896260,-0.025795,-0.145708,-0.029823,11.577061,-2.265146,5.909647
26212,-0.022363,-0.093623,-0.006763,12.303894,-20.784885,0.827557,-0.025109,-0.135291,-0.025211,11.649744,-4.117121,5.401438
26312,-0.087305,-0.094111,-0.000415,9.219924,-9.548244,-2.096107,-0.037548,-0.127055,-0.020252,11.406762,-4.660233,4.651683
26412,-0.090967,-0.111934,-0.020923,2.280992,0.344885,0.071832,-0.048232,-0.124031,-0.020386,10.494184,-4.159721,4.193697
26512,-0.023828,-0.069209,-0.017993,3.433664,-4.907023,3.827557,-0.043351,-0.113066,-0.019907,9.788133,-4.234452,4.157084
26612,-0.049219,-0.061885,0.029858,3.280992,-8.968092,1.537481,-0.044525,-0.102830,-0.009954,9.137419,-4.707816,3.895123
26712,-0.001855,-0.048945,0.000806,0.197023,-1.319237,-0.706794,-0.035991,-0.092053,-0.007802,8.243379,-4.368958,3.434931
26812,-0.016992,-0.079219,-0.011401,-2.970916,-7.067328,-0.989237,-0.032191,-0.089486,-0.008522,7.121949,-4.638795,2.992514
26912,-0.028223,-0.279902,-0.014575,-8.635037,-10.784886,-3.004504,-0.031397,-0.127569,-0.009733,5.546250,-5.253404,2.392812
27012,-0.159082,-0.109248,0.004956,15.479466,-1.471908,10.010763,-0.056934,-0.123905,-0.006795,6.539572,-4.875255,3.154608
27112,-0.038721,0.074590,-0.027026,8.342061,8.329618,12.193970,-0.053292,-0.084206,-0.010841,6.719821,-3.554767,4.058544
27212,0.055029,0.020635,0.008618,-2.886947,2.474656,0.056565,-0.031627,-0.063238,-0.006949,5.759144,-2.951825,3.658346
27312,-0.079980,0.344365,0.076733,-0.108321,-5.097863,-8.126641,-0.041298,0.018283,0.009787,5.172398,-3.166429,2.479847
27412,-0.085352,0.110723,-0.011157,20.334429,45.375420,-27.500689,-0.050109,0.036771,0.005598,6.688601,1.687757,-0.518207
27512,0.024756,-0.571650,0.133862,-48.528168,-6.067328,-19.348017,-0.035136,-0.084914,0.031251,1.166923,0.912248,-2.401189
27612,0.070166,-0.170771,-0.278247,-10.192289,-1.357405,-9.989237,-0.014075,-0.102085,-0.030649,0.031001,0.685283,-3.159994
27712,-0.025049,-0.259395,-0.071460,3.677939,7.535725,-5.660993,-0.016270,-0.133547,-0.038811,0.395695,1.370327,-3.410094
27812,0.095801,-0.637568,0.063306,-15.451832,-27.975725,-10.279313,0.006144,-0.234351,-0.018388,-1.189058,-1.564278,-4.097016
27912,-0.191309,0.255254,-0.141040,61.349693,-20.922291,29.171068,-0.033346,-0.136430,-0.042918,5.064818,-3.500080,-0.770207
28012,-0.071924,0.207646,0.135083,-57.970917,-26.563513,4.102366,-0.041062,-0.067615,-0.007318,-1.238757,-5.806424,-0.282949
28112,0.063330,-0.051143,-0.076099,0.822977,-12.983359,5.224504,-0.020184,-0.064320,-0.021074,-1.032583,-6.524117,0.267796
28212,-0.055078,0.021123,0.030835,4.769542,-14.105496,-6.012137,-0.027162,-0.047232,-0.010692,-0.452371,-7.282256,-0.360197
28312,0.000586,0.390508,-0.179370,43.441299,24.978474,-20.767862,-0.021613,0.040316,-0.044428,3.936997,-4.056182,-2.400964
28412,0.121191,-0.473506,0.238843,-18.963282,15.283816,-10.660992,0.006948,-0.062448,0.012226,1.646969,-2.122182,-3.226967
28512,-0.029199,-0.351436,-0.189624,-32.276260,14.222748,-10.088473,-0.000281,-0.120246,-0.028144,-1.745355,-0.487689,-3.913118
28612,-0.044092,-0.248164,-0.151050,-7.627405,3.428855,-7.057939,-0.009043,-0.145829,-0.052725,-2.333560,-0.096034,-4.227600
28712,-0.022607,-0.203730,-0.062427,14.815344,-11.303970,4.522213,-0.011756,-0.157410,-0.054665,-0.618669,-1.216828,-3.352619
28812,0.008154,-0.137568,-0.058765,19.158855,-5.326870,3.148168,-0.007774,-0.153441,-0.055485,1.359084,-1.627832,-2.702540
28912,-0.032373,-0.228633,-0.037524,13.800076,-16.739084,12.499313,-0.012694,-0.168480,-0.051893,2.603183,-3.138958,-1.182354
29012,-0.036523,-0.043086,0.013745,18.586336,-7.945191,3.659618,-0.017460,-0.143401,-0.038765,4.201499,-3.619581,-0.698157
29112,-0.023584,0.113408,0.039136,21.609238,-2.731450,-3.202977,-0.018685,-0.092039,-0.023185,5.942273,-3.530768,-0.948639
29212,-0.120508,0.016729,0.153882,10.708474,42.436489,-10.958702,-0.039049,-0.070286,0.012228,6.418893,1.065959,-1.949645
29312,-0.015527,0.019658,-0.044849,15.250459,-76.632217,1.713053,-0.034345,-0.052297,0.000813,7.302050,-6.703861,-1.583375
29412,0.003516,0.094854,-0.010913,0.044351,-1.410840,-7.828931,-0.026773,-0.022867,-0.001532,6.576280,-6.174559,-2.207931
29512,-0.001367,0.053105,0.004224,-0.108321,0.039542,-0.752595,-0.021692,-0.007672,-0.000381,5.907820,-5.553148,-2.062397
29612,0.037939,0.102910,0.012524,3.571069,-1.609313,-25.149542,-0.009765,0.014444,0.002200,5.674145,-5.158764,-4.371112
29712,-0.005518,0.035771,0.007397,0.822977,-0.326870,-6.042672,-0.008916,0.018710,0.003239,5.189028,-4.675575,-4.538268
29812,0.006934,0.064824,-0.006519,0.021450,-0.151298,-0.042672,-0.005746,0.027933,0.001288,4.672270,-4.223147,-4.088708
29912,0.003516,0.064336,-0.007251,0.067252,-0.006260,-0.119008,-0.003894,0.035213,-0.000420,4.211769,-3.801458,-3.691738
30012,0.002051,0.063115,0.001782,-0.031985,0.176947,0.018397,-0.002705,0.040794,0.000021,3.787393,-3.403617,-3.320724
30112,0.005957,0.065557,0.003980,0.044351,0.108244,0.010763,-0.000972,0.045746,0.000812,3.413089,-3.052431,-2.987576
30212,-0.000635,0.062139,-0.001636,0.013817,-0.067328,-0.126641,-0.000905,0.049025,0.000323,3.073162,-2.753921,-2.701482
30312,0.003760,0.070195,-0.003101,0.006183,0.131145,-0.149542,0.000028,0.053259,-0.000362,2.766464,-2.465414,-2.446288
30412,-0.005029,0.067998,0.000317,-0.054886,0.024275,-0.057939,-0.000983,0.056207,-0.000226,2.484329,-2.216445,-2.207453
30512,0.000098,0.067754,0.008130,0.074885,0.108244,-0.187710,-0.000767,0.058516,0.001445,2.243384,-1.983976,-2.005479
30612,0.000098,0.064824,0.001538,0.059618,0.016641,-0.187710,-0.000594,0.059778,0.001464,2.025007,-1.783914,-1.823702
30712,0.000586,0.062871,-0.002856,-0.024351,-0.052061,-0.057939,-0.000358,0.060396,0.000600,1.820072,-1.610729,-1.647125
30812,0.007910,0.067021,0.000806,-0.009084,0.215114,0.003130,0.001295,0.061721,0.000641,1.637156,-1.428145,-1.482100
30912,-0.003564,0.071904,0.002515,0.006183,-0.021527,-0.172443,0.000323,0.063758,0.001016,1.474059,-1.287483,-1.351134
31012,0.000586,0.062871,0.009351,-0.024351,-0.006260,-0.050305,0.000376,0.063581,0.002683,1.324218,-1.159361,-1.221051
31112,0.004492,0.071416,-0.000903,-0.039618,-0.013893,0.171069,0.001199,0.065148,0.001965,1.187834,-1.044814,-1.081839
31212,0.006689,0.070439,-0.002856,0.013817,-0.120763,-0.164809,0.002297,0.066206,0.001001,1.070432,-0.952409,-0.990136
31312,0.001562,0.064824,0.003247,0.181756,0.092977,0.125267,0.002150,0.065930,0.001450,0.981565,-0.847870,-0.878596
31412,0.004736,0.066045,0.003491,0.120687,0.009008,-0.035038,0.002668,0.065953,0.001858,0.895477,-0.762182,-0.794240
31512,0.003516,0.064336,-0.008716,-0.031985,0.024275,-0.035038,0.002837,0.065629,-0.000256,0.802731,-0.683537,-0.718320
31612,0.002051,0.069463,0.004956,0.090153,-0.105496,-0.149542,0.002680,0.066396,0.000786,0.731473,-0.625733,-0.661442
31712,0.007910,0.064336,-0.001147,0.059618,-0.166565,0.026031,0.003726,0.065984,0.000399,0.664287,-0.579816,-0.592695
31812,0.006445,0.072881,-0.002612,-0.062519,0.100611,-0.050305,0.004270,0.067363,-0.000203,0.591607,-0.511773,-0.538456
31912,0.001074,0.066533,0.003735,-0.161756,-0.013893,0.026031,0.003631,0.067197,0.000585,0.516270,-0.461985,-0.482007
32012,-0.002344,0.075566,-0.002124,0.120687,0.001374,-0.035038,0.002436,0.068871,0.000043,0.476712,-0.415649,-0.437310
32112,0.000342,0.064580,0.003247,-0.047252,0.070076,-0.012137,0.002017,0.068013,0.000684,0.424316,-0.367077,-0.394793
32212,0.004248,0.064824,-0.006519,-0.085420,0.062443,0.140534,0.002463,0.067375,-0.000757,0.373342,-0.324125,-0.341260
32312,0.001807,0.063604,-0.003101,0.051985,0.024275,0.094733,0.002332,0.066621,-0.001225,0.341206,-0.289285,-0.297661
32412,0.004492,0.068975,-0.001392,-0.077786,-0.059695,0.064198,0.002764,0.067092,-0.001259,0.299307,-0.266326,-0.261475
32512,0.003516,0.065312,-0.004565,-0.207557,0.085343,0.041298,0.002914,0.066736,-0.001920,0.248621,-0.231159,-0.231198
32612,0.000098,0.060430,-0.004077,0.013817,-0.120763,-0.119008,0.002351,0.065475,-0.002351,0.225140,-0.220119,-0.219979
32712,0.005713,0.062383,0.006665,-0.031985,-0.074962,0.140534,0.003023,0.064856,-0.000548,0.199428,-0.205604,-0.183927
32812,0.000098,0.068975,0.008618,-0.123588,-0.151298,0.033664,0.002438,0.065680,0.001285,0.167126,-0.200173,-0.162168
32912,0.005225,0.068242,0.001538,-0.154122,0.001374,0.026031,0.002995,0.066192,0.001336,0.135001,-0.180018,-0.143348
33012,0.000586,0.060918,-0.004565,-0.070153,0.001374,-0.264046,0.002514,0.065137,0.000155,0.114486,-0.161879,-0.155418
33112,0.005713,0.063848,-0.007495,0.021450,0.115878,-0.027405,0.003153,0.064880,-0.001375,0.105182,-0.134103,-0.142617
33212,0.001807,0.067998,0.003980,-0.100687,-0.181832,0.033664,0.002884,0.065503,-0.000304,0.084595,-0.138876,-0.124989
33312,0.002295,0.066289,0.002515,-0.070153,0.047176,0.071832,0.002766,0.065660,0.000260,0.069121,-0.120271,-0.105307
33412,0.006689,0.066777,0.001538,0.036718,-0.105496,-0.042672,0.003551,0.065884,0.000516,0.065880,-0.118794,-0.099043
33512,-0.004541,0.066777,-0.003589,0.036718,0.047176,-0.080840,0.001933,0.066062,-0.000305,0.062964,-0.102197,-0.097223
33612,0.006445,0.066289,-0.001147,0.067252,0.009008,-0.042672,0.002835,0.066108,-0.000474,0.063393,-0.091076,-0.091768
33712,-0.003564,0.068486,0.000562,0.013817,0.016641,-0.073206,0.001555,0.066584,-0.000267,0.058435,-0.080304,-0.089912
33812,0.000830,0.069951,0.001782,0.036718,-0.029160,-0.119008,0.001410,0.067257,0.000143,0.056263,-0.075190,-0.092821
33912,0.001074,0.063115,-0.003101,0.006183,0.077710,0.110000,0.001343,0.066429,-0.000506,0.051255,-0.059900,-0.072539
34012,-0.001367,0.065312,-0.012378,0.036718,0.138779,-0.096107,0.000801,0.066205,-0.002880,0.049802,-0.040032,-0.074896
34112,0.001807,0.063848,0.006665,0.006183,0.031908,0.048931,0.001002,0.065734,-0.000971,0.045440,-0.032838,-0.062513
34212,0.006201,0.067998,-0.003345,0.013817,0.024275,-0.042672,0.002042,0.066187,-0.001446,0.042277,-0.027127,-0.060529
34312,-0.001367,0.068730,0.003247,-0.031985,-0.013893,-0.126641,0.001360,0.066695,-0.000507,0.034851,-0.025803,-0.067140
34412,0.001807,0.062627,0.004224,-0.062519,0.001374,0.018397,0.001449,0.065882,0.000439,0.025114,-0.023086,-0.058586
34512,0.003271,0.066289,-0.011157,-0.047252,0.161679,0.148168,0.001814,0.065963,-0.001880,0.017878,-0.004609,-0.037911
34612,-0.000635,0.063848,-0.007739,0.128321,0.039542,0.178702,0.001324,0.065540,-0.003052,0.028922,-0.000194,-0.016250
34712,0.003271,0.063848,0.003003,-0.070153,-0.013893,-0.088473,0.001714,0.065202,-0.001841,0.019014,-0.001564,-0.023472
34812,-0.003320,0.070684,0.003735,0.021450,-0.097863,0.026031,0.000707,0.066298,-0.000726,0.019258,-0.011194,-0.018522
34912,-0.002344,0.065557,-0.004565,0.135954,0.070076,-0.012137,0.000097,0.066150,-0.001494,0.030928,-0.003067,-0.017883
35012,0.004004,0.062139,0.003491,0.029084,-0.128397,-0.057939,0.000878,0.065348,-0.000497,0.030743,-0.015600,-0.021889
35112,-0.001123,0.064092,-0.002124,-0.009084,-0.082595,0.033664,0.000478,0.065096,-0.000822,0.026761,-0.022299,-0.016334
35212,0.000586,0.067754,0.001050,0.044351,-0.029160,-0.111374,0.000500,0.065628,-0.000448,0.028520,-0.022986,-0.025838
35312,0.005957,0.071172,-0.009692,-0.131221,-0.044428,0.026031,0.001591,0.066737,-0.002297,0.012546,-0.025130,-0.020651
35412,0.005469,0.065068,-0.006519,0.059618,0.115878,0.026031,0.002367,0.066403,-0.003141,0.017253,-0.011029,-0.015983
35512,0.000830,0.061406,-0.004810,0.074885,0.092977,0.064198,0.002059,0.065404,-0.003475,0.023016,-0.000628,-0.007965
35612,0.000586,0.063604,-0.003101,-0.031985,0.070076,0.003130,0.001765,0.065044,-0.003400,0.017516,0.006442,-0.006855
35712,0.000098,0.063848,-0.002856,-0.009084,-0.136031,0.071832,0.001431,0.064804,-0.003291,0.014856,-0.007805,0.001014
35812,0.003027,0.064580,-0.000659,-0.085420,0.100611,-0.096107,0.001750,0.064760,-0.002765,0.004828,0.003036,-0.008698
35912,0.008887,0.066777,-0.008472,-0.085420,0.108244,-0.027405,0.003178,0.065163,-0.003906,-0.004196,0.013557,-0.010569
36012,0.009375,0.065312,0.001782,-0.001450,0.016641,-0.065573,0.004417,0.065193,-0.002769,-0.003922,0.013866,-0.016069
36112,0.003027,0.065068,-0.005542,-0.016718,0.062443,0.003130,0.004139,0.065168,-0.003323,-0.005201,0.018723,-0.014150
36212,0.002051,0.072637,-0.004810,-0.184657,-0.105496,0.094733,0.003722,0.066662,-0.003620,-0.023147,0.006301,-0.003261
36312,0.007178,0.072148,-0.001147,-0.115954,0.016641,-0.004504,0.004413,0.067759,-0.003126,-0.032428,0.007335,-0.003386
36412,0.008643,0.063848,0.000317,0.013817,0.016641,-0.080840,0.005259,0.066977,-0.002437,-0.027803,0.008266,-0.011131
36512,0.001807,0.066533,-0.007495,-0.001450,-0.120763,0.041298,0.004568,0.066888,-0.003449,-0.025168,-0.004637,-0.005888
36612,0.003271,0.068486,-0.004321,-0.039618,-0.120763,-0.195344,0.004309,0.067208,-0.003623,-0.026613,-0.016250,-0.024834
36712,-0.000635,0.067021,0.001782,-0.085420,-0.036794,-0.012137,0.003320,0.067170,-0.002542,-0.032494,-0.018304,-0.023564
36812,0.008643,0.068242,-0.005786,-0.085420,0.169313,0.064198,0.004385,0.067385,-0.003191,-0.037786,0.000458,-0.014788
36912,0.003271,0.065312,0.000562,-0.154122,-0.090229,0.056565,0.004162,0.066970,-0.002440,-0.049420,-0.008611,-0.007652
37012,0.009131,0.069463,-0.007739,-0.001450,0.001374,-0.050305,0.005156,0.067469,-0.003500,-0.044623,-0.007613,-0.011918
37112,-0.005273,0.065312,-0.008228,0.044351,-0.097863,-0.088473,0.003070,0.067038,-0.004446,-0.035726,-0.016638,-0.019573
37212,0.004980,0.065312,-0.003833,-0.070153,0.169313,-0.057939,0.003452,0.066693,-0.004323,-0.039168,0.001957,-0.023410
37312,0.002539,0.065801,0.006665,0.021450,0.062443,-0.004504,0.003269,0.066514,-0.002126,-0.033106,0.008006,-0.021519
